[
  {
    "FMID": 1011203,
    "MarketName": "West Lafayette Farmers Market",
    "Website": "http://wlfarmersmarket.com",
    "Facebook": "www.facebook.com/westlafayettefarmersmarket",
    "Twitter": "@WLFarmersMkt",
    "Youtube": "",
    "OtherMedia": "Instagram: wlfarmersmarket",
    "street": "3065 N Salisbury St",
    "city": "West Lafayette",
    "County": "Tippecanoe",
    "State": "Indiana",
    "zip": 47906,
    "Season1Date": "05/06/2015 to 10/28/2015",
    "Season1Time": "Wed: 3:30 PM-7:00 PM;",
    "Season2Date": "",
    "Season2Time": "",
    "Season3Date": "",
    "Season3Time": "",
    "Season4Date": "",
    "Season4Time": "",
    "lng": -86.915836,
    "lat": 40.461469,
    "Location": "",
    "Credit": "Y",
    "WIC": "Y",
    "WICcash": "N",
    "SFMNP": "N",
    "SNAP": "N",
    "Organic": "-",
    "Bakedgoods": "Y",
    "Cheese": "Y",
    "Crafts": "Y",
    "Flowers": "Y",
    "Eggs": "Y",
    "Seafood": "N",
    "Herbs": "Y",
    "Vegetables": "Y",
    "Honey": "Y",
    "Jams": "Y",
    "Maple": "Y",
    "Meat": "Y",
    "Nursery": "N",
    "Nuts": "N",
    "Plants": "Y",
    "Poultry": "N",
    "Prepared": "Y",
    "Soap": "Y",
    "Trees": "N",
    "Wine": "N",
    "Coffee": "N",
    "Beans": "N",
    "Fruits": "Y",
    "Grains": "N",
    "Juices": "N",
    "Mushrooms": "N",
    "PetFood": "N",
    "Tofu": "N",
    "WildHarvested": "N",
    "updateTime": "6/4/2015 11:31"
  },
  {
    "FMID": 1001811,
    "MarketName": "Sagamore West Farmers Market",
    "Website": "http://www.westlafayette.in.gov/farmersmarket",
    "Facebook": "",
    "Twitter": "",
    "Youtube": "",
    "OtherMedia": "",
    "street": "Cumberland Park",
    "city": "West Lafayette",
    "County": "Tippecanoe",
    "State": "Indiana",
    "zip": 47906,
    "Season1Date": "May to October",
    "Season1Time": "Wed:3:00 pm - 6:30 pm;",
    "Season2Date": "",
    "Season2Time": "",
    "Season3Date": "",
    "Season3Time": "",
    "Season4Date": "",
    "Season4Time": "",
    "lng": -86.9136,
    "lat": 40.4445,
    "Location": "Private business parking lot",
    "Credit": "N",
    "WIC": "Y",
    "WICcash": "Y",
    "SFMNP": "Y",
    "SNAP": "N",
    "Organic": "-",
    "Bakedgoods": "Y",
    "Cheese": "Y",
    "Crafts": "Y",
    "Flowers": "Y",
    "Eggs": "N",
    "Seafood": "N",
    "Herbs": "Y",
    "Vegetables": "Y",
    "Honey": "Y",
    "Jams": "Y",
    "Maple": "Y",
    "Meat": "Y",
    "Nursery": "N",
    "Nuts": "N",
    "Plants": "Y",
    "Poultry": "N",
    "Prepared": "Y",
    "Soap": "Y",
    "Trees": "N",
    "Wine": "N",
    "Coffee": "N",
    "Beans": "N",
    "Fruits": "N",
    "Grains": "N",
    "Juices": "N",
    "Mushrooms": "N",
    "PetFood": "N",
    "Tofu": "N",
    "WildHarvested": "N",
    "updateTime": "5/26/2011 18:36"
  },
  {
    "FMID": 1010384,
    "MarketName": "Purdue Farmers Market",
    "Website": "http://www.purdue.edu/sustainability/initiatives/food/farmersmarket.html",
    "Facebook": "https://www.facebook.com/PurdueSustainability",
    "Twitter": "https://twitter.com/SustainPurdue",
    "Youtube": "",
    "OtherMedia": "",
    "street": "Oval Dr",
    "city": "West Lafayette",
    "County": "Tippecanoe",
    "State": "Indiana",
    "zip": 47907,
    "Season1Date": "05/01/2014 to 10/30/2014",
    "Season1Time": "Thu: 11:00 AM-3:00 PM;",
    "Season2Date": "",
    "Season2Time": "",
    "Season3Date": "",
    "Season3Time": "",
    "Season4Date": "",
    "Season4Time": "",
    "lng": -86.914239,
    "lat": 40.42583,
    "Location": "Educational institution",
    "Credit": "Y",
    "WIC": "N",
    "WICcash": "N",
    "SFMNP": "N",
    "SNAP": "N",
    "Organic": "-",
    "Bakedgoods": "Y",
    "Cheese": "Y",
    "Crafts": "Y",
    "Flowers": "Y",
    "Eggs": "Y",
    "Seafood": "N",
    "Herbs": "Y",
    "Vegetables": "Y",
    "Honey": "Y",
    "Jams": "Y",
    "Maple": "Y",
    "Meat": "Y",
    "Nursery": "N",
    "Nuts": "N",
    "Plants": "Y",
    "Poultry": "Y",
    "Prepared": "Y",
    "Soap": "Y",
    "Trees": "N",
    "Wine": "N",
    "Coffee": "Y",
    "Beans": "Y",
    "Fruits": "Y",
    "Grains": "Y",
    "Juices": "Y",
    "Mushrooms": "Y",
    "PetFood": "N",
    "Tofu": "Y",
    "WildHarvested": "Y",
    "updateTime": "8/4/2014 12:33"
  },
  {
    "FMID": 1010421,
    "MarketName": "Historic Lafayette Farmers Market",
    "Website": "http://www.lafayettefarmersmarket.com",
    "Facebook": "https://www.facebook.com/LafayetteFarmersMarket",
    "Twitter": "",
    "Youtube": "",
    "OtherMedia": "",
    "street": "",
    "city": "Lafayette",
    "County": "Tippecanoe",
    "State": "Indiana",
    "zip": 47902,
    "Season1Date": "05/03/2014 to 10/25/2014",
    "Season1Time": "Sat: 7:30 AM-12:30 PM;",
    "Season2Date": "",
    "Season2Time": "",
    "Season3Date": "",
    "Season3Time": "",
    "Season4Date": "",
    "Season4Time": "",
    "lng": -86.891895,
    "lat": 40.417715,
    "Location": "Closed-off public street",
    "Credit": "Y",
    "WIC": "N",
    "WICcash": "Y",
    "SFMNP": "N",
    "SNAP": "N",
    "Organic": "-",
    "Bakedgoods": "Y",
    "Cheese": "Y",
    "Crafts": "Y",
    "Flowers": "Y",
    "Eggs": "Y",
    "Seafood": "N",
    "Herbs": "Y",
    "Vegetables": "Y",
    "Honey": "Y",
    "Jams": "Y",
    "Maple": "N",
    "Meat": "N",
    "Nursery": "N",
    "Nuts": "N",
    "Plants": "Y",
    "Poultry": "Y",
    "Prepared": "Y",
    "Soap": "N",
    "Trees": "N",
    "Wine": "N",
    "Coffee": "Y",
    "Beans": "N",
    "Fruits": "Y",
    "Grains": "N",
    "Juices": "Y",
    "Mushrooms": "N",
    "PetFood": "N",
    "Tofu": "N",
    "WildHarvested": "N",
    "updateTime": "8/5/2014 13:00"
  },
  {
    "FMID": 1011900,
    "MarketName": "Monticello Farmer's Market",
    "Website": "http://www.monticellofarmersmarket.weebly.com",
    "Facebook": "https://www.facebook.com/monticellofarmermarket/",
    "Twitter": "",
    "Youtube": "",
    "OtherMedia": "",
    "street": "110 N. Main St",
    "city": "Monticello",
    "County": "White",
    "State": "Indiana",
    "zip": 47960,
    "Season1Date": "05/03/2016 to 10/25/2016",
    "Season1Time": "Tue: 4:00 PM-7:00 PM;",
    "Season2Date": "",
    "Season2Time": "",
    "Season3Date": "",
    "Season3Time": "",
    "Season4Date": "",
    "Season4Time": "",
    "lng": -86.7625086,
    "lat": 40.7452318,
    "Location": "",
    "Credit": "Y",
    "WIC": "Y",
    "WICcash": "Y",
    "SFMNP": "Y",
    "SNAP": "Y",
    "Organic": "Y",
    "Bakedgoods": "Y",
    "Cheese": "Y",
    "Crafts": "N",
    "Flowers": "Y",
    "Eggs": "Y",
    "Seafood": "N",
    "Herbs": "N",
    "Vegetables": "Y",
    "Honey": "Y",
    "Jams": "N",
    "Maple": "Y",
    "Meat": "Y",
    "Nursery": "N",
    "Nuts": "N",
    "Plants": "Y",
    "Poultry": "N",
    "Prepared": "N",
    "Soap": "Y",
    "Trees": "N",
    "Wine": "N",
    "Coffee": "N",
    "Beans": "N",
    "Fruits": "Y",
    "Grains": "N",
    "Juices": "N",
    "Mushrooms": "N",
    "PetFood": "Y",
    "Tofu": "N",
    "WildHarvested": "N",
    "updateTime": "4/27/2016 10:34"
  },
  {
    "FMID": 1005925,
    "MarketName": "Remington Farmers Market",
    "Website": "http://www.remingtonindiana.com",
    "Facebook": "",
    "Twitter": "",
    "Youtube": "",
    "OtherMedia": "",
    "street": "36 S. Ohio St.",
    "city": "Remington",
    "County": "Jasper",
    "State": "Indiana",
    "zip": 47977,
    "Season1Date": "June to October",
    "Season1Time": "Sat:7:30 am - 11:30 am;",
    "Season2Date": "",
    "Season2Time": "",
    "Season3Date": "",
    "Season3Time": "",
    "Season4Date": "",
    "Season4Time": "",
    "lng": -87.1514,
    "lat": 40.76,
    "Location": "Closed-off public street",
    "Credit": "N",
    "WIC": "N",
    "WICcash": "N",
    "SFMNP": "N",
    "SNAP": "N",
    "Organic": "-",
    "Bakedgoods": "Y",
    "Cheese": "N",
    "Crafts": "Y",
    "Flowers": "N",
    "Eggs": "N",
    "Seafood": "N",
    "Herbs": "N",
    "Vegetables": "Y",
    "Honey": "N",
    "Jams": "N",
    "Maple": "N",
    "Meat": "N",
    "Nursery": "N",
    "Nuts": "N",
    "Plants": "Y",
    "Poultry": "N",
    "Prepared": "N",
    "Soap": "N",
    "Trees": "N",
    "Wine": "N",
    "Coffee": "N",
    "Beans": "N",
    "Fruits": "N",
    "Grains": "N",
    "Juices": "N",
    "Mushrooms": "N",
    "PetFood": "N",
    "Tofu": "N",
    "WildHarvested": "N",
    "updateTime": "6/1/2011 15:17"
  },
  {
    "FMID": 1007247,
    "MarketName": "Frankfort Farmers Market",
    "Website": "",
    "Facebook": "https://www.facebook.com/FrankfortFarmersMarket",
    "Twitter": "",
    "Youtube": "",
    "OtherMedia": "",
    "street": "Courthouse Square",
    "city": "Frankfort",
    "County": "Clinton",
    "State": "Indiana",
    "zip": 46041,
    "Season1Date": "06/07/2014 to 10/25/2014",
    "Season1Time": "Sat: 8:00 AM-12:00 PM;",
    "Season2Date": "",
    "Season2Time": "",
    "Season3Date": "",
    "Season3Time": "",
    "Season4Date": "",
    "Season4Time": "",
    "lng": -86.511368,
    "lat": 40.280691,
    "Location": "Local government building grounds",
    "Credit": "N",
    "WIC": "Y",
    "WICcash": "N",
    "SFMNP": "Y",
    "SNAP": "N",
    "Organic": "N",
    "Bakedgoods": "Y",
    "Cheese": "N",
    "Crafts": "Y",
    "Flowers": "N",
    "Eggs": "Y",
    "Seafood": "N",
    "Herbs": "N",
    "Vegetables": "Y",
    "Honey": "Y",
    "Jams": "Y",
    "Maple": "N",
    "Meat": "Y",
    "Nursery": "N",
    "Nuts": "N",
    "Plants": "Y",
    "Poultry": "Y",
    "Prepared": "Y",
    "Soap": "Y",
    "Trees": "N",
    "Wine": "N",
    "Coffee": "N",
    "Beans": "N",
    "Fruits": "Y",
    "Grains": "Y",
    "Juices": "N",
    "Mushrooms": "N",
    "PetFood": "N",
    "Tofu": "N",
    "WildHarvested": "N",
    "updateTime": "3/14/2014 13:09"
  },
  {
    "FMID": 1005007,
    "MarketName": "Crawfordsville Farmers Market",
    "Website": "",
    "Facebook": "https://www.facebook.com/crawfordsvillefarmersmarket",
    "Twitter": "",
    "Youtube": "",
    "OtherMedia": "",
    "street": "Pike ST. between Washington St. & Walnut St.",
    "city": "Crawfordsville",
    "County": "Montgomery",
    "State": "Indiana",
    "zip": 47933,
    "Season1Date": "04/18/2015 to 10/31/2015",
    "Season1Time": "Sat: 8:00 AM-2:00 PM;",
    "Season2Date": "",
    "Season2Time": "",
    "Season3Date": "",
    "Season3Time": "",
    "Season4Date": "",
    "Season4Time": "",
    "lng": -86.901777,
    "lat": 40.040589,
    "Location": "",
    "Credit": "Y",
    "WIC": "N",
    "WICcash": "N",
    "SFMNP": "Y",
    "SNAP": "Y",
    "Organic": "-",
    "Bakedgoods": "Y",
    "Cheese": "Y",
    "Crafts": "Y",
    "Flowers": "Y",
    "Eggs": "Y",
    "Seafood": "N",
    "Herbs": "Y",
    "Vegetables": "Y",
    "Honey": "Y",
    "Jams": "N",
    "Maple": "N",
    "Meat": "Y",
    "Nursery": "N",
    "Nuts": "N",
    "Plants": "Y",
    "Poultry": "N",
    "Prepared": "Y",
    "Soap": "Y",
    "Trees": "N",
    "Wine": "N",
    "Coffee": "N",
    "Beans": "N",
    "Fruits": "Y",
    "Grains": "N",
    "Juices": "N",
    "Mushrooms": "N",
    "PetFood": "N",
    "Tofu": "N",
    "WildHarvested": "N",
    "updateTime": "3/20/2015 12:45"
  },
  {
    "FMID": 1009020,
    "MarketName": "Rensselaer Farmers Market",
    "Website": "",
    "Facebook": "https://www.facebook.com/pages/Rensselaer-Farmers-Market/120400308005878",
    "Twitter": "",
    "Youtube": "",
    "OtherMedia": "",
    "street": "110 W Harrison St.",
    "city": "Rensselaer",
    "County": "Jasper",
    "State": "Indiana",
    "zip": 47978,
    "Season1Date": "05/03/2014 to 10/25/2014",
    "Season1Time": "Sat: 7:30 AM-11:30 AM;",
    "Season2Date": "07/01/2014 to 09/01/2014",
    "Season2Time": "Tue: 4:00 PM-6:00 PM;",
    "Season3Date": "",
    "Season3Time": "",
    "Season4Date": "",
    "Season4Time": "",
    "lng": -87.1501069,
    "lat": 40.9356403,
    "Location": "Local government building grounds",
    "Credit": "N",
    "WIC": "N",
    "WICcash": "N",
    "SFMNP": "N",
    "SNAP": "N",
    "Organic": "N",
    "Bakedgoods": "Y",
    "Cheese": "N",
    "Crafts": "Y",
    "Flowers": "N",
    "Eggs": "Y",
    "Seafood": "N",
    "Herbs": "Y",
    "Vegetables": "Y",
    "Honey": "N",
    "Jams": "N",
    "Maple": "N",
    "Meat": "Y",
    "Nursery": "N",
    "Nuts": "N",
    "Plants": "Y",
    "Poultry": "N",
    "Prepared": "Y",
    "Soap": "N",
    "Trees": "N",
    "Wine": "N",
    "Coffee": "N",
    "Beans": "N",
    "Fruits": "Y",
    "Grains": "N",
    "Juices": "N",
    "Mushrooms": "N",
    "PetFood": "N",
    "Tofu": "N",
    "WildHarvested": "N",
    "updateTime": "3/15/2014 1:04"
  },
  {
    "FMID": 1001148,
    "MarketName": "Logansport Farmers Market",
    "Website": "",
    "Facebook": "",
    "Twitter": "",
    "Youtube": "",
    "OtherMedia": "",
    "street": "4th and Market Street",
    "city": "Logansport",
    "County": "Cass",
    "State": "Indiana",
    "zip": 46947,
    "Season1Date": "06/01/2014 to 10/29/2014",
    "Season1Time": "Wed: 3:00 PM-6:00 PM;Sat: 8:00 AM-1:00 PM;",
    "Season2Date": "",
    "Season2Time": "Wed: 3:00 PM-6:00 PM;Sat: 8:00 AM-1:00 PM;",
    "Season3Date": "",
    "Season3Time": "",
    "Season4Date": "",
    "Season4Time": "",
    "lng": -86.365328,
    "lat": 40.752621,
    "Location": "Other",
    "Credit": "N",
    "WIC": "N",
    "WICcash": "Y",
    "SFMNP": "Y",
    "SNAP": "N",
    "Organic": "N",
    "Bakedgoods": "Y",
    "Cheese": "N",
    "Crafts": "N",
    "Flowers": "N",
    "Eggs": "Y",
    "Seafood": "N",
    "Herbs": "Y",
    "Vegetables": "Y",
    "Honey": "Y",
    "Jams": "N",
    "Maple": "Y",
    "Meat": "N",
    "Nursery": "N",
    "Nuts": "N",
    "Plants": "Y",
    "Poultry": "Y",
    "Prepared": "N",
    "Soap": "Y",
    "Trees": "N",
    "Wine": "N",
    "Coffee": "N",
    "Beans": "N",
    "Fruits": "Y",
    "Grains": "N",
    "Juices": "N",
    "Mushrooms": "N",
    "PetFood": "N",
    "Tofu": "N",
    "WildHarvested": "N",
    "updateTime": "4/6/2014 14:11"
  },
  {
    "FMID": 1016810,
    "MarketName": "Lebanon City Market",
    "Website": "",
    "Facebook": "www.facebook.com/lebanoncitymarket",
    "Twitter": "https://twitter.com/lebanoncitymkt",
    "Youtube": "",
    "OtherMedia": "",
    "street": "Main Street and Meridian Street",
    "city": "Lebanon",
    "County": "Boone",
    "State": "Indiana",
    "zip": 46052,
    "Season1Date": "04/07/2017 to 09/01/2017",
    "Season1Time": "Fri: 4:00 PM-8:00 PM;",
    "Season2Date": "",
    "Season2Time": "",
    "Season3Date": "",
    "Season3Time": "",
    "Season4Date": "",
    "Season4Time": "",
    "lng": -86.4680447,
    "lat": 40.0475885,
    "Location": "",
    "Credit": "Y",
    "WIC": "Y",
    "WICcash": "N",
    "SFMNP": "Y",
    "SNAP": "Y",
    "Organic": "-",
    "Bakedgoods": "Y",
    "Cheese": "Y",
    "Crafts": "Y",
    "Flowers": "Y",
    "Eggs": "Y",
    "Seafood": "N",
    "Herbs": "Y",
    "Vegetables": "Y",
    "Honey": "Y",
    "Jams": "Y",
    "Maple": "Y",
    "Meat": "N",
    "Nursery": "N",
    "Nuts": "N",
    "Plants": "Y",
    "Poultry": "Y",
    "Prepared": "Y",
    "Soap": "Y",
    "Trees": "N",
    "Wine": "Y",
    "Coffee": "Y",
    "Beans": "N",
    "Fruits": "Y",
    "Grains": "N",
    "Juices": "N",
    "Mushrooms": "Y",
    "PetFood": "N",
    "Tofu": "N",
    "WildHarvested": "N",
    "updateTime": "1/24/2017 14:13"
  },
  {
    "FMID": 1010874,
    "MarketName": "Kokomo Downtown Farmers' Market",
    "Website": "http://www.kokomofarmersmarket.com",
    "Facebook": "www.facebook.com/kokomofarmersmarket",
    "Twitter": "",
    "Youtube": "",
    "OtherMedia": "www.instagram.com/kokomofarmersmarket",
    "street": "Intersection of Mulberry and Washington Streets",
    "city": "Kokomo",
    "County": "Howard",
    "State": "Indiana",
    "zip": 46901,
    "Season1Date": "04/25/2015 to 10/10/2015",
    "Season1Time": "Sat: 9:00 AM-1:00 PM;",
    "Season2Date": "",
    "Season2Time": "",
    "Season3Date": "",
    "Season3Time": "",
    "Season4Date": "",
    "Season4Time": "",
    "lng": -86.133519,
    "lat": 40.488463,
    "Location": "",
    "Credit": "Y",
    "WIC": "Y",
    "WICcash": "Y",
    "SFMNP": "Y",
    "SNAP": "Y",
    "Organic": "N",
    "Bakedgoods": "Y",
    "Cheese": "Y",
    "Crafts": "Y",
    "Flowers": "Y",
    "Eggs": "Y",
    "Seafood": "N",
    "Herbs": "Y",
    "Vegetables": "Y",
    "Honey": "Y",
    "Jams": "Y",
    "Maple": "Y",
    "Meat": "Y",
    "Nursery": "N",
    "Nuts": "N",
    "Plants": "Y",
    "Poultry": "Y",
    "Prepared": "Y",
    "Soap": "Y",
    "Trees": "N",
    "Wine": "N",
    "Coffee": "Y",
    "Beans": "N",
    "Fruits": "Y",
    "Grains": "N",
    "Juices": "Y",
    "Mushrooms": "Y",
    "PetFood": "N",
    "Tofu": "N",
    "WildHarvested": "N",
    "updateTime": "3/2/2015 14:29"
  },
  {
    "FMID": 1007545,
    "MarketName": "Rockville Produce Auction LLC",
    "Website": "",
    "Facebook": "",
    "Twitter": "",
    "Youtube": "",
    "OtherMedia": "",
    "street": "3300 North 400E",
    "city": "Rockville 47872",
    "County": "Parke County",
    "State": "Indiana",
    "zip": "",
    "Season1Date": "",
    "Season1Time": "",
    "Season2Date": "",
    "Season2Time": "",
    "Season3Date": "",
    "Season3Time": "",
    "Season4Date": "",
    "Season4Time": "",
    "lng": -87.1625,
    "lat": 39.8155,
    "Location": "",
    "Credit": "N",
    "WIC": "N",
    "WICcash": "N",
    "SFMNP": "N",
    "SNAP": "N",
    "Organic": "-",
    "Bakedgoods": "",
    "Cheese": "",
    "Crafts": "",
    "Flowers": "",
    "Eggs": "",
    "Seafood": "",
    "Herbs": "",
    "Vegetables": "",
    "Honey": "",
    "Jams": "",
    "Maple": "",
    "Meat": "",
    "Nursery": "",
    "Nuts": "",
    "Plants": "",
    "Poultry": "",
    "Prepared": "",
    "Soap": "",
    "Trees": "",
    "Wine": "",
    "Coffee": "",
    "Beans": "",
    "Fruits": "",
    "Grains": "",
    "Juices": "",
    "Mushrooms": "",
    "PetFood": "",
    "Tofu": "",
    "WildHarvested": "",
    "updateTime": 2011
  }
]