[
    {
        "featureType": "all",
        "elementType": "labels.text",
        "stylers": [
            {
                "visibility": "off"
            }
        ]
    },
    {
        "featureType": "all",
        "elementType": "labels.text.fill",
        "stylers": [
            {
                "color": "#ffffff"
            }
        ]
    },
    {
        "featureType": "all",
        "elementType": "labels.text.stroke",
        "stylers": [
            {
                "visibility": "on"
            },
            {
                "color": "#3e606f"
            },
            {
                "weight": 2
            },
            {
                "gamma": 0.84
            }
        ]
    },
    {
        "featureType": "all",
        "elementType": "labels.icon",
        "stylers": [
            {
                "visibility": "on"
            }
        ]
    },
    {
        "featureType": "administrative",
        "elementType": "geometry",
        "stylers": [
            {
                "weight": 0.6
            },
            {
                "visibility":"on",
                "color": "#1a3541"
            }
        ]
    },
    {
        "featureType": "administrative.locality",
        "elementType": "labels.text",
        "stylers": [
            {
                "visibility": "on"
            }
        ]
    },
    {
        "featureType": "administrative.locality",
        "elementType": "labels.text.fill",
        "stylers": [
            {
                "color": "#ffffff"
            }
        ]
    }
    {
        "featureType": "landscape",
        "elementType": "geometry",
        "stylers": [
            {
                "color": "#2c5a71"
            }
        ]
    },
    {
        "featureType": "poi",
        "elementType": "geometry",
        "stylers": [
            {
                "color": "#406d80"
            }
        ]
    },
    {
        "featureType": "poi.park",
        "elementType": "geometry",
        "stylers": [
            {
                "color": "#2c5a71"
            }
        ]
    },
    {
        "featureType": "road",
        "elementType": "geometry",
        "stylers": [
            {
                "color": "#29768a"
            },
            {
                "lightness": -37
            }
        ]
    },
    {
        "featureType": "transit",
        "elementType": "geometry",
        "stylers": [
            {
                "color": "#406d80"
            }
        ]
    },
    {
        "featureType": "water",
        "elementType": "geometry",
        "stylers": [
            {
                "color": "#193341"
            }
        ]
    }
]
